OBJECTID,ID,ADDRESS,TERMINAL_NUMBER,LATITUDE,LONGITUDE,INSTALLED,LOCKED,INSTALL_DATE,REMOVAL_DATE,TEMPORARY_INSTALL,NUMBER_OF_BIKES,NUMBER_OF_EMPTY_DOCKS,X,Y,SE_ANNO_CAD_DATA
129942891,1,Eads St & 15th St S,31000,38.858971,-77.05323,YES,NO,,,NO,5,10,395379.968612,132352.116903,
129942892,2,18th & Eads St.,31001,38.85725,-77.05332,YES,NO,,,NO,4,6,395372.04559,132161.078081,
129942893,3,20th & Crystal Dr,31002,38.856425,-77.049232,YES,NO,,,NO,12,5,395726.817575,132069.297863,
129942894,4,15th & Crystal Dr,31003,38.86017,-77.049593,YES,NO,,,NO,5,6,395695.709759,132485.036787,
129942895,5,Aurora Hills Community Ctr/18th & Hayes St,31004,38.857866,-77.05949,YES,NO,,,NO,8,3,394836.559865,132229.789395,
129942896,6,Pentagon City Metro / 12th & S Hayes St,31005,38.862303,-77.059936,YES,NO,,,NO,15,3,394798.172638,132722.353775,
129942897,7,S Joyce & Army Navy Dr,31006,38.8637,-77.0633,YES,NO,,,NO,5,9,394506.319669,132877.628009,
129942898,8,Crystal City Metro / 18th & Bell St,31007,38.857063,-77.051141,YES,NO,,,NO,4,11,395561.162085,132140.21153,
129942899,9,12th & Army Navy Dr,31008,38.8629,-77.0528,YES,NO,,,NO,9,2,395417.542182,132788.242701,
129942900,10,27th & Crystal Dr,31009,38.848441,-77.051516,YES,NO,,,NO,11,7,395528.073448,131183.126642,
129942901,11,S Glebe & Potomac Ave,31010,38.8426,-77.0502,YES,NO,,,NO,9,2,395641.954311,130534.671309,
129942902,12,23rd & Crystal Dr,31011,38.8533,-77.0498,YES,NO,,,NO,1,14,395677.32773,131722.427303,
129942903,13,26th & S Clark St,31012,38.850688,-77.05152,YES,NO,,,NO,1,10,395527.866993,131432.559654,
129942904,14,19th St & Pennsylvania Ave NW,31100,38.9003,-77.0429,YES,NO,,,NO,0,15,396278.703991,136939.478279,
129942905,15,14th & V St NW,31101,38.9176,-77.0321,YES,NO,,,NO,25,2,397216.209,138859.535109,
129942906,16,11th & Kenyon St NW,31102,38.929464,-77.027822,YES,NO,,,NO,17,10,397587.609059,140176.418051,
129942907,17,16th & Harvard St NW,31103,38.926088,-77.036536,YES,NO,,,NO,23,10,396831.88529,139801.919449,
129942908,18,Adams Mill & Columbia Rd NW,31104,38.922925,-77.042581,YES,NO,,,NO,12,3,396307.546668,139451.026703,
129942909,19,14th & Harvard St NW,31105,38.9268,-77.0322,YES,NO,,,NO,6,13,397207.896987,139880.815985,
129942910,20,Calvert & Biltmore St NW,31106,38.923203,-77.047637,YES,NO,,,NO,2,21,395869.126792,139482.103704,
129942911,21,Lamont & Mt Pleasant NW,31107,38.9319,-77.0388,YES,NO,,,NO,14,5,396635.843238,140447.182418,
129942912,22,4th & M St SW,31108,38.8767,-77.0178,YES,NO,,,NO,18,4,398455.45489,134318.970619,
129942913,23,15th & P St NW,31201,38.90985,-77.034438,YES,NO,,,NO,16,3,397013.127347,137999.294799,
129942914,24,14th & R St NW,31202,38.912682,-77.031681,YES,NO,,,NO,13,2,397252.356245,138313.583526,
129942915,25,14th & Rhode Island Ave NW,31203,38.9086,-77.0323,YES,NO,,,NO,20,0,397198.511012,137860.466775,
129942916,26,20th & E St NW,31204,38.8963,-77.045,YES,NO,,,NO,0,14,396096.32378,136495.534104,
129942917,27,21st & I St NW,31205,38.9008,-77.047,YES,NO,,,NO,15,17,395923.08426,136995.157405,
129942918,28,Georgia & New Hampshire Ave NW,31400,38.936043,-77.024649,YES,NO,,,NO,10,4,397862.930843,140906.665097,
129942919,29,14th St & Spring Rd NW,31401,38.9375,-77.0328,YES,NO,,,NO,10,1,397156.297,141068.62723,
129942920,30,John McCormack Dr & Michigan Ave NE,31502,38.9346,-76.9955,YES,NO,,,NO,10,1,400390.158057,140746.200585,
129942921,31,5th & K St NW,31600,38.90304,-77.019027,YES,NO,,,NO,18,1,398349.594835,137242.937938,
129942922,32,19th & East Capitol St SE,31601,38.8896,-76.9769,YES,NO,,,NO,9,6,402004.075388,135751.072746,
129942923,33,Park Rd & Holmead Pl NW,31602,38.9308,-77.0315,YES,NO,,,NO,10,8,397268.748095,140324.829192,
129942924,34,Good Hope & Naylor Rd SE,31700,38.8601,-76.9672,YES,NO,,,NO,2,9,402846.790117,132476.608541,
129942925,35,Connecticut Ave & Newark St NW / Cleveland Park,31305,38.934267,-77.057979,YES,NO,,,NO,6,5,394973.093747,140710.821405,
129942926,36,Randle Circle & Minnesota Ave SE,31702,38.878,-76.9607,YES,NO,,,NO,7,4,403410.085141,134463.86391,
129942927,37,Minnesota Ave Metro/DOES,31703,38.897063,-76.947446,YES,NO,,,NO,3,12,404558.924508,136580.583292,
129942928,38,Nannie Helen Burroughs & Minnesota Ave NE,31704,38.901385,-76.941877,YES,NO,,,NO,8,3,405041.715419,137060.652624,
129942929,39,Anacostia Metro,31801,38.862669,-76.994637,YES,NO,,,NO,3,8,400465.450799,132761.288472,
129942930,40,Good Hope Rd & MLK Ave SE,31802,38.867373,-76.988039,YES,NO,,,NO,4,7,401038.017913,133283.521336,
129942931,41,19th & E Street NW,31206,38.8952,-77.0436,YES,NO,,,NO,0,11,396217.713155,136373.366458,
129942932,42,4th & W St NE,31500,38.919077,-77.000648,YES,NO,,,NO,15,0,399943.805008,139023.00526,
129942933,43,10th & U St NW,31111,38.9172,-77.0259,YES,NO,,,NO,8,6,397753.875644,138814.960958,
129942934,44,Georgia Ave and Fairmont St NW,31207,38.9249,-77.0222,YES,NO,,,NO,1,10,398074.958411,139669.641401,
129942935,45,1st & N St  SE,31209,38.8743,-77.0057,YES,NO,,,NO,0,38,399505.381838,134052.417385,
129942936,46,20th St & Florida Ave NW,31110,38.9154,-77.0446,YES,NO,,,NO,6,7,396132.058995,138615.772169,
129942937,47,7th & T St NW,31109,38.9155,-77.0222,YES,NO,,,NO,12,2,398074.704653,138626.162241,
129942938,48,23rd & Eads St,31013,38.853531,-77.053509,YES,NO,,,NO,8,6,395355.399192,131748.252112,
129942939,49,M St & New Jersey Ave SE,31208,38.8763,-77.0037,YES,NO,,,NO,0,16,399678.941069,134274.42352,
129942940,51,Massachusetts Ave & Dupont Circle NW,31200,38.9101,-77.0444,YES,NO,,,NO,8,36,396149.117868,138027.419941,
129942941,52,1st & M St NE,31603,38.9057,-77.0056,YES,NO,,,NO,6,9,399514.273173,137538.062396,
129942942,53,21st & M St NW,31212,38.90534,-77.046774,YES,NO,,,NO,0,19,395942.946377,137499.12394,
129942943,54,17th & K St NW,31213,38.90276,-77.03863,YES,NO,,,NO,1,21,396649.214256,137212.392649,
129942944,55,3rd & H St NW,31604,38.899408,-77.015289,YES,NO,,,NO,7,8,398673.762052,136839.6958,
129942945,56,3rd & D St SE,31605,38.8851,-77.0023,YES,NO,,,NO,4,6,399800.447438,135251.286747,
129942946,57,Potomac & Pennsylvania Ave SE,31606,38.8803,-76.9862,YES,NO,,,NO,3,11,401197.395913,134718.537888,
129942947,58,14th & D St SE,31607,38.884,-76.9861,YES,NO,,,NO,10,5,401206.010156,135129.267566,
129942948,59,17th & Corcoran St NW,31214,38.9121,-77.0387,YES,NO,,,NO,18,0,396643.581959,138249.211386,
129942949,60,Van Ness Metro / UDC,31300,38.944551,-77.063896,YES,NO,,,NO,14,1,394460.876027,141852.778344,
129942950,61,Florida Ave & R St NW,31503,38.9126,-77.0135,YES,NO,,,NO,13,0,398829.164675,138304.090647,
129942951,62,8th & Eye St SE / Barracks Row,31608,38.8792,-76.9953,YES,NO,,,NO,1,10,400407.815041,134596.349499,
129942952,63,Ward Circle / American University,31301,38.938736,-77.087171,YES,NO,,,NO,6,8,392442.557789,141208.931518,
129942953,64,Wisconsin Ave & Newark St NW,31302,38.934881,-77.072755,YES,NO,,,NO,7,12,393692.036758,140779.898078,
129942954,65,14th St Heights / 14th & Crittenden St NW,31402,38.947774,-77.032818,YES,NO,,,NO,7,4,397155.14644,142209.1331,
129942955,66,Anacostia Library,31804,38.865784,-76.9784,YES,NO,,,NO,6,5,401874.566171,133107.284394,
129942956,67,Pennsylvania & Minnesota Ave SE,31805,38.873057,-76.971015,YES,NO,,,NO,5,6,402515.220511,133914.818919,
129942957,68,Eastern Market / 7th & North Carolina Ave SE,31610,38.886952,-76.996806,YES,NO,,,NO,4,11,400277.110582,135456.875419,
129942958,69,14th St & New York Ave NW,31216,38.899632,-77.031686,YES,NO,,,NO,0,22,397251.419778,136864.927547,
129942959,70,Benning Branch Library,31705,38.894,-76.947974,YES,NO,,,NO,6,5,404513.315647,136240.53983,
129942960,71,USDA / 12th & Independence Ave SW,31217,38.887237,-77.028226,YES,NO,,,NO,0,39,397551.129647,135488.886373,
129942961,72,Georgetown Harbor / 30th St NW,31215,38.902221,-77.059219,YES,NO,,,NO,18,1,394863.275372,137153.516436,
129942962,73,12th & Newton St NE,31501,38.933668,-76.991016,YES,NO,,,NO,10,0,400778.939067,140642.769176,
129942963,74,US Dept of State / Virginia Ave & 21st St NW,31220,38.894919,-77.046587,YES,NO,,,NO,5,9,395958.575909,136342.301234,
129942964,75,L'Enfant Plaza / 7th & C St SW,31218,38.886266,-77.022241,YES,NO,,,NO,4,11,398070.358283,135380.954316,
129942965,76,10th St & Constitution Ave NW,31219,38.893028,-77.026013,YES,NO,,,NO,4,27,397743.311338,136131.675603,
129942966,77,Kennedy Center,31211,38.897293,-77.05557,YES,NO,,,NO,5,14,395179.460813,136606.270059,
129942967,78,Eastern Market Metro / Pennsylvania Ave & 7th St SE,31613,38.884,-76.995397,YES,NO,,,NO,0,19,400399.371566,135129.185818,
129942968,79,18th & M St NW,31221,38.904742,-77.041606,YES,NO,,,NO,0,17,396391.174804,137432.524105,
129942969,80,Tenleytown / Wisconsin Ave & Albemarle St NW,31303,38.947607,-77.079382,YES,NO,,,NO,8,5,393118.694901,142193.075135,
129942970,81,13th & H St NE,31611,38.9003,-76.9882,YES,NO,,,NO,24,3,401023.573296,136938.670042,
129942971,82,5th & F St NW,31620,38.897222,-77.019347,YES,NO,,,NO,2,29,398321.701106,136597.099134,
129942972,83,New York Ave & 15th St NW,31222,38.8991,-77.0337,YES,NO,,,NO,0,17,397076.694944,136805.933859,
129942973,84,Convention Center / 7th & M St NW,31223,38.905737,-77.02227,YES,NO,,,NO,8,10,398068.369513,137542.390411,
129942974,85,Harvard St & Adams Mill Rd NW,31112,38.927872,-77.043358,YES,NO,,,NO,6,9,396240.429179,140000.217563,
129942975,86,19th & L St NW,31224,38.903407,-77.043648,YES,NO,,,NO,0,13,396213.984769,137284.411017,
129942976,87,C & O Canal & Wisconsin Ave NW,31225,38.90375,-77.06269,YES,NO,,,NO,10,12,394562.313418,137323.448778,
129942977,88,6th & Water St SW / SW Waterfront,31609,38.87675,-77.02127,YES,NO,,,NO,9,10,398154.356663,134324.58543,
129942978,89,D St & Maryland Ave NE,31612,38.894758,-76.997114,YES,NO,,,NO,11,12,400250.36119,136323.401693,
129942979,90,34th St & Wisconsin Ave NW,31226,38.916442,-77.0682,YES,NO,,,NO,7,4,394085.432548,138732.707327,
129942980,91,13th St & New York Ave NW,31227,38.900283,-77.029822,YES,NO,,,NO,0,23,397413.134775,136937.139289,
129942981,92,8th & H St NW,31228,38.8997,-77.023086,YES,NO,,,NO,8,24,397997.422739,136872.252296,
129942982,93,10th & Monroe St NE,31504,38.932514,-76.992889,YES,NO,,,NO,11,0,400616.55447,140514.65083,
129942983,94,Eckington Pl & Q St NE,31505,38.910972,-77.00495,YES,NO,,,NO,5,6,399570.683913,138123.294278,
129942984,95,6th & H St NE,31615,38.899972,-76.998347,YES,NO,,,NO,11,12,400143.387665,136902.194557,
129942985,96,3rd & H St NE,31616,38.900412,-77.001949,YES,NO,,,NO,17,2,399830.937184,136951.038592,
129942986,97,Bladensburg Rd & Benning Rd NE,31617,38.900413,-76.982872,YES,NO,,,NO,9,6,401485.740304,136951.287176,
129942987,98,4th & East Capitol St NE,31618,38.889955,-77.000349,YES,NO,,,NO,9,0,399969.722128,135790.227018,
129942988,99,Lincoln Park / 13th & East Capitol St NE,31619,38.890461,-76.988355,YES,NO,,,NO,23,0,401010.267379,135846.461355,
129942989,100,Branch & Pennsylvania Ave SE,31701,38.8692,-76.9599,YES,NO,,,NO,6,5,403479.930733,133487.028166,
129942990,101,13th & D St NE,31622,38.894832,-76.987633,YES,NO,,,NO,27,4,401072.83909,136331.684991,
129942991,102,New Hampshire Ave & T St NW,31229,38.91554,-77.03818,YES,NO,,,NO,19,3,396688.840824,138631.060893,
129942992,103,Metro Center / 12th & G St NW,31230,38.898364,-77.027869,YES,NO,,,NO,0,31,397582.479829,136724.061412,
129942993,104,14th & D St NW / Ronald Reagan Building,31231,38.894514,-77.031617,YES,NO,,,NO,0,25,397257.208366,136296.786777,
129942994,105,7th & F St NW / National Portrait Gallery,31232,38.897351,-77.022465,YES,NO,,,NO,10,17,398051.226734,136611.481103,
129942995,106,17th & K St NW / Farragut Square,31233,38.902061,-77.038322,YES,NO,,,NO,11,24,396675.897757,137134.786759,
129942996,107,20th & O St NW / Dupont South,31234,38.908905,-77.04478,YES,NO,,,NO,1,17,396116.094799,137894.781249,
129942997,108,4th & D St NW / Judiciary Square,31621,38.895344,-77.016106,YES,NO,,,NO,0,15,398602.812134,136388.571628,
129942998,109,19th St & Constitution Ave NW,31235,38.8923,-77.0436,YES,NO,,,NO,8,26,396217.559402,136051.443606,
129942999,110,37th & O St NW / Georgetown University,31236,38.90774,-77.071652,YES,NO,,,NO,0,21,393785.303628,137766.943071,
129943000,111,11th & H St NE,31614,38.899983,-76.991383,YES,NO,,,NO,19,0,400747.472059,136903.449625,
129943001,112,25th St & Pennsylvania Ave NW,31237,38.903827,-77.053485,YES,NO,,,NO,14,1,395360.753563,137331.48835,
129943002,113,Columbus Circle / Union Station,31623,38.89696,-77.00493,YES,NO,,,NO,30,17,399572.334523,136567.848754,
129943003,114,North Capitol St & F St NW,31624,38.897446,-77.009888,YES,NO,,,NO,13,10,399142.245958,136621.833529,
129943004,115,11th & M St NW,31266,38.905607,-77.027137,YES,NO,,,NO,11,8,397646.216803,137528.073592,
129943005,116,36th & Calvert St NW / Glover Park,31304,38.922581,-77.070334,YES,NO,,,NO,5,10,393900.888913,139414.328181,
129943006,117,14th & G St NW,31238,38.898069,-77.031823,YES,NO,,,NO,0,21,397239.475325,136691.426198,
129943007,118,Potomac Ave & 35th St S,31052,38.844015,-77.050537,YES,NO,,,NO,19,4,395612.785067,130691.762252,
129943008,124,Ohio Dr & West Basin Dr SW / MLK & FDR Memorials,31240,38.88412,-77.04657,YES,NO,,,NO,19,2,395959.439116,135143.527302,
129943009,125,11th & F St NW,31262,38.897857,-77.026975,YES,NO,,,NO,0,14,397660.013989,136667.757074,
129943010,126,23rd & E St NW,31260,38.896104,-77.049882,YES,NO,,,NO,0,19,395672.806435,136473.996639,
129943011,127,Lynn & 19th St North,31014,38.897315,-77.070993,YES,NO,,,NO,0,30,393841.561641,136609.639671,
129943012,128,Rosslyn Metro / Wilson Blvd & Ft Myer Dr,31015,38.8946,-77.072305,YES,NO,,,NO,1,17,393727.510729,136308.342547,
129943013,129,Clarendon Blvd & Pierce St,31016,38.893438,-77.076389,YES,NO,,,NO,6,9,393373.114147,136179.639954,
129943014,130,Wilson Blvd & N Uhle St,31017,38.891696,-77.0846,YES,NO,,,NO,4,10,392660.615824,135986.892423,
129943015,131,N Rhodes & 16th St N,31018,38.892164,-77.079375,YES,NO,,,NO,2,9,393113.950267,136038.436975,
129943016,132,Fairfax Village,31706,38.86559,-76.952103,YES,NO,,,NO,6,9,404156.774847,133086.617677,
129943017,133,21st St & Constitution Ave NW,31261,38.892459,-77.046567,YES,NO,,,NO,9,5,395960.17161,136069.220972,
129943018,134,Wilson Blvd & N Edgewood St,31019,38.889,-77.0925,YES,NO,,,NO,7,8,391974.956594,135688.280275,
129943019,135,Columbia Rd & Belmont St NW,31113,38.920669,-77.04368,YES,NO,,,NO,12,7,396212.125979,139200.636678,
129943020,136,17th & Rhode Island Ave NW,31239,38.906602,-77.038785,YES,NO,,,NO,2,21,396635.950679,137638.891467,
129943021,137,Thomas Circle,31241,38.9059,-77.0325,YES,NO,,,NO,0,32,397181.057627,137560.750916,
129943022,138,Wilson Blvd & Franklin Rd,31020,38.8904,-77.0889,YES,NO,,,NO,8,3,392287.433852,135843.380827,
129943023,139,Clarendon Blvd & N Fillmore St,31021,38.8881,-77.09308,YES,NO,,,NO,5,10,391924.535553,135588.424463,
129943024,140,Clarendon Metro / Wilson Blvd & N Highland St,31022,38.88786,-77.094875,YES,NO,,,NO,1,16,391768.776735,135561.942929,
129943025,141,18th St & Pennsylvania Ave NW,31242,38.89968,-77.041539,YES,NO,,,NO,0,27,396396.730564,136870.598717,
129943026,142,Maryland & Independence Ave SW,31243,38.887299,-77.018939,YES,NO,,,NO,0,38,398356.865453,135495.560709,
129943027,143,4th & E St SW,31244,38.88412,-77.017445,YES,NO,,,NO,3,16,398486.416422,135142.641295,
129943028,144,3rd & G St SE,31625,38.881185,-77.001828,YES,NO,,,NO,11,6,399841.390392,134816.690732,
129943029,145,7th & R St NW / Shaw Library,31245,38.912719,-77.022155,YES,NO,,,NO,8,7,398078.532356,138317.44722,
129943030,146,9th & Upshur St NW,31404,38.9418,-77.0251,YES,NO,,,NO,11,4,397824.004844,141545.753478,
129943031,147,1st & Rhode Island Ave NW,31506,38.915417,-77.012289,YES,NO,,,NO,14,1,398934.235035,138616.786183,
129943032,148,Columbia Rd & Georgia Ave NW,31115,38.928156,-77.02344,YES,NO,,,NO,11,8,397967.526376,140031.112124,
129943033,149,California St & Florida Ave NW,31116,38.917761,-77.04062,YES,NO,,,NO,12,7,396477.341628,138877.701748,
129943034,150,Benning Rd & East Capitol St NE / Benning Rd Metro,31707,38.889935,-76.93723,YES,NO,,,NO,15,4,405445.680212,135789.879029,
129943035,151,3000 Connecticut Ave NW / National Zoo,31307,38.930282,-77.055599,YES,NO,,,NO,9,6,395179.175508,140268.323549,
129943036,152,Anacostia Ave & Benning Rd NE / River Terrace,31708,38.896544,-76.96012,YES,NO,,,NO,5,10,403459.512812,136522.413554,
129943037,153,M St & Pennsylvania Ave NW,31246,38.905126,-77.056887,YES,NO,,,NO,13,5,395065.75668,137475.866237,
129943038,154,15th St & Massachusetts Ave SE,31626,38.88732,-76.983569,YES,NO,,,NO,11,4,401425.541784,135497.849719,
129943039,155,Congress Heights Metro,31806,38.844711,-76.987823,YES,NO,,,NO,10,5,401057.09872,130767.879227,
129943040,156,N Quincy St & Glebe Rd,31035,38.876393,-77.107735,YES,NO,,,NO,11,0,390651.559224,134290.257043,
129943041,157,Wilson Blvd & N Oakland St,31033,38.8815,-77.10396,YES,NO,,,NO,7,4,390979.771068,134856.792706,
129943042,158,N Veitch  & 20th St N,31029,38.896923,-77.086502,YES,NO,,,NO,7,8,392496.159675,136567.285109,
129943043,159,10th & K St NW,31263,38.9024,-77.02622,YES,NO,,,NO,0,22,397725.65242,137172.047399,
129943044,160,Fairfax Dr & Wilson Blvd,31023,38.885801,-77.097745,YES,NO,,,NO,3,8,391519.534884,135333.640782,
129943045,161,Key Blvd & N Quinn St,31027,38.896015,-77.078107,YES,NO,,,NO,4,7,393224.319293,136465.833354,
129943046,162,1st & K St SE,31628,38.87861,-77.006004,YES,NO,,,NO,7,7,399479.03367,134530.861647,
129943047,163,39th & Calvert St NW / Stoddert,31306,38.922649,-77.077271,YES,NO,,,NO,9,10,393299.343791,139422.363081,
129943048,164,1st & Washington Hospital Center NW,31507,38.928743,-77.012457,YES,NO,,,NO,1,13,398919.867077,140096.086928,
129943049,165,Virginia Square Metro / N Monroe St & 9th St N,31024,38.882788,-77.103148,YES,NO,,,NO,5,13,391050.38686,134999.690568,
129943050,166,Central Library / N Quincy St & 10th St N,31025,38.88397,-77.10783,YES,NO,,,NO,5,5,390644.309349,135131.370991,
129943051,167,Washington Blvd & 10th St N,31026,38.884734,-77.093485,YES,NO,,,NO,11,4,391889.015803,135214.80848,
129943052,168,Jefferson Dr & 14th St SW,31247,38.888553,-77.032429,YES,NO,,,NO,9,12,397186.531869,135635.093742,
129943053,169,Smithsonian / Jefferson Dr & 12th St SW,31248,38.888767,-77.02858,YES,NO,,,NO,13,9,397520.469999,135658.737824,
129943054,170,George Mason Dr & Wilson Blvd,31036,38.87887,-77.1207,YES,NO,,,NO,9,6,389526.917276,134566.630152,
129943055,171,6th St & Indiana Ave NW,31264,38.894573,-77.01994,YES,NO,,,NO,2,17,398270.195761,136303.050191,
129943056,172,N Veitch & Key Blvd,31028,38.893241,-77.086045,YES,NO,,,NO,0,11,392535.418059,136158.516669,
129943057,173,Lee Hwy & N Adams St,31030,38.89593,-77.089006,YES,NO,,,NO,6,12,392278.836294,136457.263078,
129943058,174,15th & N Scott St,31031,38.89054,-77.08095,YES,NO,,,NO,5,6,392977.153865,135858.280289,
129943059,175,Washington Blvd & 7th St N,31032,38.880834,-77.091129,YES,NO,,,NO,7,3,392092.995806,134781.672056,
129943060,176,Ballston Metro / N Stuart & 9th St N,31037,38.881044,-77.111768,YES,NO,,,NO,5,18,390302.237819,134806.973737,
129943061,177,N Randolph St & Fairfax Dr,31034,38.882629,-77.109366,YES,NO,,,NO,2,8,390510.862587,134982.668325,
129943062,178,Jefferson Memorial,31249,38.879819,-77.037413,YES,NO,,,NO,10,9,396753.733753,134665.717928,
129943063,179,Good Hope Rd & 14th St SE,31803,38.866611,-76.985238,YES,NO,,,NO,9,6,401281.112282,133198.969293,
129943064,180,Glebe Rd & 11th St N,31038,38.883921,-77.116817,YES,NO,,,NO,5,5,389864.560686,135126.891031,
129943065,181,Wilson Blvd & N Quincy St,31039,38.880012,-77.107854,YES,NO,,,NO,4,11,390641.707932,134692.005426,
129943066,182,Fairfax Dr & Kenmore St,31040,38.884616,-77.10108,YES,NO,,,NO,4,7,391230.04103,135202.411806,
129943067,183,Gallaudet / 8th St & Florida Ave NE,31508,38.90509,-76.9941,YES,NO,,,NO,7,12,400511.752283,137470.34908,
129943068,185,20th & L St NW,31250,38.903584,-77.044789,YES,NO,,,NO,0,19,396115.024398,137304.107386,
129943069,186,12th & L St NW,31251,38.903819,-77.0284,YES,NO,,,NO,5,14,397536.60617,137329.624424,
129943070,187,21st St & Pennsylvania Ave NW,31252,38.901539,-77.046564,YES,NO,,,NO,0,19,395960.946,137077.172954,
129943071,188,19th & K St NW,31253,38.902204,-77.04337,YES,NO,,,NO,0,23,396238.034964,137150.856829,
129943072,189,Prince St & Union St,31041,38.803124,-77.040363,YES,NO,,,NO,12,7,396494.00268,126152.152182,
129943073,190,Market Square / King St & Royal St,31042,38.804718,-77.043363,YES,NO,,,NO,4,10,396233.501759,126329.215643,
129943074,191,Saint Asaph St & Pendleton  St,31043,38.810743,-77.044664,YES,NO,,,NO,8,6,396120.824491,126998.083157,
129943075,192,King St & Patrick St,31044,38.805317,-77.049883,YES,NO,,,NO,7,7,395667.21274,126395.997629,
129943076,193,15th & K St NW,31254,38.902,-77.03353,YES,NO,,,NO,0,27,397091.559827,137127.851685,
129943077,194,Commerce St & Fayette St,31045,38.805648,-77.05293,YES,NO,,,NO,10,5,395402.574714,126432.889739,
129943078,195,Henry St & Pendleton St,31046,38.811456,-77.050276,YES,NO,,,NO,9,8,395633.452468,127077.484152,
129943079,196,Braddock Rd Metro,31047,38.814577,-77.052808,YES,NO,,,NO,12,16,395413.744831,127424.059275,
129943080,197,King St Metro South,31048,38.805767,-77.06072,YES,NO,,,NO,7,16,394725.955161,126446.520671,
129943081,198,24th & N St NW,31255,38.9066,-77.05152,YES,NO,,,NO,0,15,395531.36981,137639.215791,
129943082,199,10th & E St NW,31256,38.895914,-77.026064,YES,NO,,,NO,1,12,397738.978438,136452.04567,
129943083,200,22nd & I St NW / Foggy Bottom,31257,38.90088,-77.048911,YES,NO,,,NO,8,7,395757.323375,137004.125126,
129943084,201,Utah St & 11th St N,31049,38.883669,-77.113905,YES,NO,,,NO,1,9,390117.18065,135098.597834,
129943085,202,Barton St & 10th St N,31050,38.884961,-77.08777,YES,NO,,,NO,6,5,392384.887064,135239.514964,
129943086,203,Arlington Blvd & N Queen St,31051,38.889365,-77.077294,YES,NO,,,NO,8,3,393294.220933,135727.571244,
129943087,204,Lincoln Memorial,31258,38.888251,-77.049426,YES,NO,,,NO,15,10,395711.891806,135602.230514,
129943088,206,20th St & Virginia Ave NW,31259,38.894722,-77.045128,YES,NO,,,NO,1,13,396085.133396,136320.369098,
129943089,207,5th St & Massachusetts Ave NW,31265,38.90093,-77.018677,YES,NO,,,NO,9,9,398379.905972,137008.704676,
129943090,208,39th & Veazey St NW,31308,38.943837,-77.077078,YES,NO,,,NO,10,5,393318.065954,141774.400349,
129943091,209,Fessenden St & Wisconsin Ave NW,31309,38.954812,-77.082426,YES,NO,,,NO,10,4,392855.545072,142993.129075,
129943092,210,M St & Delaware Ave NE,31627,38.905707,-77.003041,YES,NO,,,NO,2,20,399736.233011,137538.828948,
129943093,211,Columbia Pike & S Courthouse Rd,31053,38.863833,-77.080319,YES,NO,,,NO,8,7,393029.288047,132893.553852,
129943094,212,Walter Reed Community Center / Walter Reed Dr & 16th St S,31054,38.857803,-77.086733,YES,NO,,,NO,7,4,392471.995077,132224.689681,
129943095,213,28th St S & S Meade St,31055,38.846222,-77.069275,YES,NO,,,NO,12,3,393986.289148,130937.82205,
129943096,214,18th St & Wyoming Ave NW,31114,38.918809,-77.041571,YES,NO,,,NO,11,10,396394.921737,138994.07565,
129943097,215,5th & Kennedy St NW,31403,38.956595,-77.019815,YES,NO,,,NO,6,9,398282.534015,143188.019404,
129943098,216,Georgia Ave & Emerson St NW,31405,38.949662,-77.027333,YES,NO,,,NO,5,14,397630.680619,142418.561482,
129943099,217,14th & Upshur St NW,31406,38.942016,-77.032652,YES,NO,,,NO,9,10,397169.307652,141569.938488,
129943100,218,14th St & Colorado Ave NW,31407,38.956432,-77.032947,YES,NO,,,NO,10,9,397144.310854,143170.253834,
129943101,219,S Troy St & 26th St S,31056,38.847977,-77.075104,YES,NO,,,NO,4,7,393480.438413,131133.039435,
129943102,220,S Four Mile Run Dr & S Shirlington Rd,31057,38.8444,-77.085931,YES,NO,,,NO,7,4,392540.204267,130736.796557,
129943103,221,S Oakland St & Columbia Pike,31058,38.860789,-77.09586,YES,NO,,,NO,6,5,391680.163963,132556.94935,
129943104,222,S Four Mile Run & Walter Reed Dr,31059,38.84736,-77.095431,YES,NO,,,NO,7,4,391715.839155,131066.196287,
129943105,223,S Arlington Mill Dr & Campbell Ave,31060,38.84232,-77.089555,YES,NO,,,NO,10,5,392225.373118,130506.20461,
129943106,224,S Kenmore & 24th St S,31061,38.848454,-77.084918,YES,NO,,,NO,10,1,392628.56287,131186.736447,
129943107,225,13th St & Eastern Ave,32006,38.987,-77.029417,YES,NO,,,NO,7,8,397451.367918,146563.488466,
129943108,226,Wisconsin Ave & O St NW,31312,38.90849,-77.063586,YES,NO,,,NO,10,9,394484.961523,137849.680978,
129943109,227,S George Mason Dr & 13th St S,31062,38.854691,-77.100555,YES,NO,,,NO,5,6,391271.932258,131880.466189,
129943110,228,Connecticut & Nebraska Ave NW,31310,38.955016,-77.069956,YES,NO,,,NO,4,19,393936.426886,143014.872828,
129943111,229,17th St & Massachusetts Ave NW,31267,38.908142,-77.038359,YES,NO,,,NO,13,4,396672.971975,137809.828412,
129943112,230,15th & Euclid St  NW,31117,38.92333,-77.0352,YES,NO,,,NO,11,4,396947.614649,139495.712463,
129943113,231,8th & East Capitol St NE,31629,38.889988,-76.995193,YES,NO,,,NO,10,1,400417.036281,135793.901198,
129943114,232,New Jersey Ave & R St NW,31509,38.912659,-77.017669,YES,NO,,,NO,12,3,398467.594652,138310.701861,
129943115,233,15th & East Capitol St NE,31630,38.889908,-76.983326,YES,NO,,,NO,11,0,401446.571816,135785.141702,
129943116,234,8th & F St NE,31631,38.897274,-76.994749,YES,NO,,,NO,15,0,400455.50944,136602.706806,
129943117,235,18th St & Rhode Island Ave NE,31510,38.927095,-76.978924,YES,NO,,,NO,6,9,401827.519265,139913.282047,
129943118,236,15th & F St NE,31632,38.897195,-76.983575,YES,NO,,,NO,18,1,401424.823995,136594.052256,
129943119,237,12th & Irving St NE,31511,38.928644,-76.990955,YES,NO,,,NO,14,1,400784.283204,140085.062235,
129943120,239,Alabama & MLK Ave SE,31800,38.843222,-76.999388,YES,NO,,,NO,3,8,400053.129499,130602.519546,
129943121,240,Pleasant St & MLK Ave SE,31807,38.863897,-76.990037,YES,NO,,,NO,7,4,400864.666514,132897.638959,
129943122,241,Neal St & Trinidad Ave NE,31512,38.903732,-76.987211,YES,NO,,,NO,14,1,401109.309244,137319.661241,
129943123,242,12th & U St NW,31268,38.916787,-77.028139,YES,NO,,,NO,19,11,397559.688838,138769.171979,
129943124,243,S George Mason Dr & Four Mile Run,31063,38.852248,-77.105022,YES,NO,,,NO,6,5,390883.889557,131609.712531,
129943125,244,S Stafford & 34th St S,31064,38.834108,-77.087323,YES,NO,,,NO,5,6,392418.269895,129594.429037,
129943126,245,N Pershing Dr & Wayne St,31065,38.880705,-77.08596,YES,NO,,,NO,5,6,392541.481617,134766.917059,
129943127,246,Columbia Pike & S Orme St,31066,38.867262,-77.072315,YES,NO,,,NO,5,4,393724.239239,133273.617213,
129943128,247,3rd St & Pennsylvania Ave SE,31269,38.887378,-77.001955,YES,NO,,,NO,1,14,399830.385738,135504.161694,
129943129,248,8th & D St NW,31270,38.894851,-77.02324,YES,NO,,,NO,2,11,397983.927094,136333.978095,
129943130,249,3rd & Elm St NW,31118,38.917622,-77.01597,YES,NO,,,NO,14,0,398615.042702,138861.609,
129943131,250,Rhode Island Ave & V St NE,31513,38.918155,-77.004746,YES,NO,,,NO,2,16,399588.418394,138920.666022,
129943132,251,Constitution Ave & 2nd St NW/DOL,31271,38.892275,-77.013917,YES,NO,,,NO,0,26,398792.654907,136047.857181,
129943133,252,Washington & Independence Ave SW/HHS,31272,38.886978,-77.013769,YES,NO,,,NO,3,28,398805.4057,135459.846863,
129943134,253,Independence Ave & L'Enfant Plaza SW/DOE,31633,38.887312,-77.025762,YES,NO,,,NO,0,14,397764.907111,135497.148742,
129943135,254,Hamlin & 7th St NE,31514,38.927497,-76.997194,YES,NO,,,NO,6,8,400243.309461,139957.70027,
129943136,255,Columbia Pike & S Walter Reed Dr,31067,38.862478,-77.086599,YES,NO,,,NO,5,7,392484.117926,132743.637302,
129943137,256,Columbia Pike & S Dinwiddie St / Arlington Mill Community Center,31068,38.856319,-77.11153,YES,NO,,,NO,5,10,390319.535096,132062.292299,
129943138,257,Pershing & N George Mason Dr,31069,38.871822,-77.107906,YES,NO,,,NO,2,9,390636.121344,133782.859583,
129943139,258,Fenton St & New York Ave,32001,38.985404,-77.023082,YES,NO,,,NO,7,8,398000.175276,146386.158923,
129943140,259,Bethesda Ave & Arlington Rd,32002,38.981103,-77.097426,YES,NO,,,NO,9,10,391558.502289,145912.957516,
129943141,260,Montgomery Ave & Waverly St,32003,38.983838,-77.09221,YES,NO,,,NO,4,7,392010.750302,146216.099669,
129943142,261,Fallsgrove Blvd & Fallsgrove Dr,32004,39.096312,-77.192672,YES,NO,,,NO,9,10,383332.893638,158715.521576,
129943143,262,Traville Gateway Dr & Gudelsky Dr,32005,39.093783,-77.202501,YES,NO,,,NO,6,13,382482.013812,158436.611873,
129943144,263,Norfolk Ave & Fairmont St,32000,38.988562,-77.096539,YES,NO,,,NO,5,6,391636.232221,146740.897685,
129943145,264,E Montgomery Ave & Maryland Ave,32007,39.084125,-77.151291,YES,NO,,,NO,9,6,386910.314387,157355.871328,
129943146,265,Cordell & Norfolk Ave,32008,38.98954,-77.098029,YES,NO,,,NO,6,5,391507.260983,146849.602891,
129943147,266,Frederick Ave & Horners Ln,32009,39.094772,-77.145213,YES,NO,,,NO,5,6,387438.062154,158536.964747,
129943148,267,Philadelphia & Maple Ave,32010,38.98128,-77.011336,YES,NO,,,NO,6,9,399017.791983,145928.162706,
129943149,268,Maple & Ritchie Ave,32011,38.983627,-77.006311,YES,NO,,,NO,7,12,399453.20125,146188.660554,
129943150,269,Silver Spring Metro/Colesville Rd & Wayne Ave,32012,38.99521,-77.02918,YES,NO,,,NO,5,14,397472.192462,147474.873665,
129943151,270,Montgomery & East Ln,32013,38.983525,-77.095367,YES,NO,,,NO,5,6,391737.185619,146181.63464,
129943152,271,Friendship Hts Metro/Wisconsin Ave & Wisconsin Cir,32014,38.961763,-77.085998,YES,NO,,,NO,5,13,392546.661108,143765.039518,
129943793,272,14th & Belmont St NW,31119,38.921074,-77.031887,YES,NO,,,NO,14,1,397234.815588,139245.171817,
129943794,273,3rd & Tingey St SE,31634,38.87501,-77.0024,YES,NO,,,NO,5,14,399791.741793,134131.220022,
129943795,274,10th & Florida Ave NW,31120,38.920387,-77.025672,YES,NO,,,NO,15,4,397773.747966,139168.739115,
129943796,275,Potomac Ave & 8th St SE,31635,38.876737,-76.994468,YES,NO,,,NO,0,15,400480.023549,134322.941861,
129943797,276,Crabbs Branch Way & Redland Rd,32015,39.120045,-77.156985,YES,NO,,,NO,6,9,386424.52769,161344.274408,
129943798,277,Fallsgrove Dr & W Montgomery Ave,32016,39.099376,-77.188014,YES,NO,,,NO,12,3,383736.534257,159054.823339,
129943799,278,Monroe St & Monroe Pl,32017,39.082779,-77.148827,YES,NO,,,NO,10,5,387123.255683,157206.09863,
129943800,279,Needwood Rd & Eagles Head Ct,32018,39.123513,-77.15741,YES,NO,,,NO,7,8,386388.439175,161729.331103,
129943801,280,East West Hwy & Blair Mill Rd,32019,38.990249,-77.02935,YES,NO,,,NO,5,10,397457.288627,146924.157779,
129943802,281,Crabbs Branch Way & Calhoun Pl,32020,39.107709,-77.152072,YES,NO,,,NO,9,6,386847.103756,159974.100231,
129943803,282,47th & Elm St,32021,38.982456,-77.091991,YES,NO,,,NO,2,13,392029.570275,146062.665079,
129943804,283,Garland Ave & Walden Rd,32022,39.000578,-77.00149,YES,NO,,,NO,2,12,399870.933877,148070.373065,
129943805,284,Montgomery College/W Campus Dr & Mannakee St,32023,39.095661,-77.159048,YES,NO,,,NO,9,12,386241.41121,158637.649231,
129943806,285,Fenton St & Gist Ave,32024,38.989724,-77.023854,YES,NO,,,NO,6,5,397933.414501,146865.738811,
129943807,286,Carroll & Westmoreland Ave,32025,38.975,-77.01121,YES,NO,,,NO,3,12,399028.623649,145231.020617,
129943808,287,Carroll & Ethan Allen Ave,32026,38.977933,-77.006472,YES,NO,,,NO,2,13,399439.207048,145556.572115,
129943809,288,Battery Ln & Trolley Trail,32027,38.992375,-77.100104,YES,NO,,,NO,8,7,391327.838605,147164.511035,
129943810,289,Norfolk & Rugby Ave,32028,38.990639,-77.100239,YES,NO,,,NO,2,9,391315.931747,146971.810664,
129943811,290,Offutt Ln & Chevy Chase Dr,32029,38.977093,-77.094589,YES,NO,,,NO,4,7,391803.85346,145467.550361,
129943812,291,Broschart & Blackwell Rd,32030,39.102099,-77.200322,YES,NO,,,NO,6,9,382672.540571,159359.374662,
129943813,292,Taft St & E Gude Dr,32031,39.094103,-77.132954,YES,NO,,,NO,7,8,388498.442253,158461.08173,
129943814,293,Fleet St & Ritchie Pkwy,32032,39.076331,-77.141378,YES,NO,,,NO,4,11,387766.645696,156489.268835,
129943815,294,Piccard & W Gude Dr,32033,39.102212,-77.177091,YES,NO,,,NO,12,7,384681.998078,159367.765283,
129943816,295,Ripley & Bonifant St,32034,38.992679,-77.029457,YES,NO,,,NO,4,11,397448.105821,147193.914993,
129943817,296,Georgia Ave & Spring St,32035,38.999388,-77.031555,YES,NO,,,NO,5,5,397266.611085,147938.742321,
129943818,297,Fenton St & Ellsworth Dr,32036,38.997033,-77.025608,YES,NO,,,NO,4,11,397781.684744,147677.152183,
129943819,298,King Farm Blvd & Pleasant Dr,32037,39.114688,-77.171487,YES,NO,,,NO,13,5,385169.333542,160751.834274,
129943820,299,King Farm Blvd & Piccard Dr,32038,39.110314,-77.182669,YES,NO,,,NO,7,8,384201.313111,160268.140207,
129943821,301,Calvert St & Woodley Pl NW,31121,38.923583,-77.050046,YES,NO,,,NO,0,18,395660.251948,139524.39869,
129943822,302,New Jersey Ave & N St NW/Dunbar HS,31636,38.90706,-77.015231,YES,NO,,,NO,16,3,398678.934962,137689.128779,
129943823,303,Nannie Helen Burroughs Ave & 49th St NE,31710,38.898536,-76.931862,YES,NO,,,NO,6,4,405910.674208,136744.991641,
129943824,304,Deanwood Rec Center,31711,38.908473,-76.933099,YES,NO,,,NO,5,10,405802.561474,137847.99933,
129943825,305,Hains Point/Buckeye & Ohio Dr SW,31273,38.878433,-77.03023,YES,NO,,,NO,8,9,397376.940214,134511.630481,
129943826,306,Arlington Blvd & Fillmore St,31070,38.873755,-77.089233,YES,NO,,,NO,6,5,392256.738153,133995.687305,
129943827,307,Long Bridge Park/Long Bridge Dr & 6th St S,31071,38.86646,-77.04826,YES,NO,,,NO,3,8,395811.773001,133183.210659,
129943828,308,Old Georgetown Rd & Southwick St,32039,38.999634,-77.109647,YES,NO,,,NO,2,16,390502.082293,147971.282401,
129943829,309,Friendship Blvd & Willard Ave,32040,38.96115,-77.088659,YES,NO,,,NO,4,15,392315.969556,143697.211469,
129943830,310,North Capitol St & G Pl NE,31637,38.899703,-77.008911,YES,NO,,,NO,0,19,399227.022204,136872.36983,
129943831,311,31st & Woodrow St S,31072,38.837666,-77.09482,YES,NO,,,NO,5,6,391767.761009,129990.040428,
129943832,312,Washington Blvd & Walter Reed Dr,31073,38.873219,-77.082104,YES,NO,,,NO,10,5,392875.308895,133935.606769,
129943833,313,TJ Cmty Ctr / 2nd St & S Old Glebe Rd,31074,38.869418,-77.095596,YES,NO,,,NO,10,5,391704.079999,133514.807159,
129943834,314,Connecticut Ave & Tilden St NW,31313,38.941154,-77.062036,YES,NO,,,NO,4,11,394621.862551,141475.569984,
129943835,315,Medical Center Dr & Key West Ave,32041,39.103091,-77.196442,YES,NO,,,NO,5,10,383008.3894,159468.769714,
129943836,316,Shady Grove Hospital,32042,39.097636,-77.196636,YES,NO,,,NO,8,11,382990.304631,158863.23308,
129943837,317,Veterans Pl & Pershing Dr,32043,38.997445,-77.023894,YES,NO,,,NO,3,8,397930.173451,147722.84809,
129943838,318,Rockville Metro East,32044,39.085394,-77.145803,YES,NO,,,NO,4,9,387385.360311,157495.973074,
129943839,319,1st & H St NW,31638,38.900358,-77.012108,YES,NO,,,NO,2,12,398949.71056,136945.112006,
129943840,320,Fort Totten Metro,31515,38.952369,-77.002721,YES,NO,,,NO,6,13,399764.143222,142718.711858,
129943841,321,Takoma Metro,31408,38.975219,-77.016855,YES,NO,,,NO,0,19,398539.47386,145255.406911,
129943842,322,Rhode Island Ave Metro,31516,38.920682,-76.995876,YES,NO,,,NO,8,10,400357.627981,139201.181649,
129943843,323,Rolfe St & 9th St S,31075,38.866471,-77.076131,YES,NO,,,NO,5,6,393392.999619,133186.079668,
129943844,324,Shirlington Transit Center / S Quincy & Randolph St,31076,38.839912,-77.087083,YES,NO,,,NO,6,9,392439.722245,130238.692484,
129943845,325,Shady Grove Metro West,32045,39.119765,-77.166093,YES,NO,,,NO,5,14,385636.846399,161314.584499,
129943846,326,River Rd & Landy Ln,32046,38.964992,-77.103381,YES,NO,,,NO,8,8,391040.504802,144125.05115,
129943847,327,Rockville Metro West,32047,39.084379,-77.146866,YES,NO,,,NO,7,12,387293.210073,157383.443191,
129943848,328,Bethesda Metro,32048,38.984691,-77.094537,YES,NO,,,NO,4,8,391809.23273,146310.997208,
129943849,329,Iwo Jima Memorial/N Meade & 14th St N,31077,38.88992,-77.071301,YES,NO,,,NO,5,13,393814.202365,135788.757399,
129943850,330,33rd & Water St NW,31314,38.903295,-77.065884,YES,NO,,,NO,17,2,394285.231694,137273.135212,
129943851,331,Duke St & John Carlyle St,31081,38.804378,-77.060866,YES,NO,,,NO,6,9,394713.171026,126292.341426,
129943852,332,Lee Hwy & N Cleveland St,31079,38.894941,-77.09169,YES,NO,,,NO,6,9,392045.892322,136347.70673,
129943853,333,Arlington Blvd & S George Mason Dr/NFATC,31078,38.869442,-77.104503,YES,NO,,,NO,2,8,390931.124677,133518.318476,
129943854,334,MLK Library/9th & G St NW,31274,38.898404,-77.024281,YES,NO,,,NO,17,5,397893.725122,136728.412829,
129943855,335,Lee Hwy & N Scott St,31080,38.897612,-77.080851,YES,NO,,,NO,7,8,392986.437932,136643.32023,
129943856,336,New Hampshire Ave & 24th St NW,31275,38.901755,-77.051084,YES,NO,,,NO,8,11,395568.885664,137101.360382,
129943857,337,Eisenhower Ave & Mill Race Ln,31082,38.801111,-77.068952,YES,NO,,,NO,10,5,394010.546178,125930.183529,
129943858,338,Potomac Greens Dr & Slaters Ln,31083,38.82175,-77.047494,YES,NO,,,NO,5,6,395875.667907,128220.05527,
129943859,339,Ballenger Ave & Dulaney St,31084,38.802677,-77.063562,YES,NO,,,NO,15,4,394478.864667,126103.679424,
129943860,340,Mount Vernon Ave & E Nelson Ave,31085,38.820064,-77.057619,YES,NO,,,NO,8,3,394996.304877,128033.404463,
129943861,341,Mount Vernon Ave & E Del Ray Ave,31086,38.82595,-77.058541,YES,NO,,,NO,9,5,394916.656428,128686.840032,
129943862,342,Monroe Ave & Leslie Ave,31087,38.820932,-77.053096,YES,NO,,,NO,15,0,395389.142994,128129.519941,
129943863,343,Mount Vernon Ave & Kennedy St,31088,38.833077,-77.059821,YES,NO,,,NO,8,7,394806.02748,129478.056658,
129943864,344,Court House Metro / 15th & N Uhle St,31089,38.890612,-77.084801,YES,NO,,,NO,0,21,392643.066504,135866.576154,
129943865,345,Washington Adventist U / Flower Ave & Division St,32049,38.986743,-77.000035,YES,NO,,,NO,6,8,399996.967657,146534.548291,
129943866,346,6th & S Ball St,31090,38.864702,-77.048672,YES,NO,,,NO,14,1,395775.913683,132988.078745,
129943867,347,McKinley St & Connecticut Ave NW,31315,38.96497,-77.075946,YES,NO,,,NO,6,13,393418.151311,144120.273619,
129943868,348,15th & L St NW,31276,38.90366,-77.034846,YES,NO,,,NO,0,22,396977.478449,137312.167823,
129943869,349,17th & G St NW,31277,38.89841,-77.039624,YES,NO,,,NO,0,31,396562.784601,136729.544729,
129943870,350,Spring St & Second Ave,32050,38.997653,-77.034499,YES,NO,,,NO,6,9,397011.520184,147746.232006,
129943871,351,18th & R St NW,31278,38.912648,-77.041834,YES,NO,,,NO,16,2,396371.800704,138310.163802,
129943872,352,S Joyce & 16th St S,31091,38.859254,-77.063275,YES,NO,,,NO,6,9,394508.147282,132384.088278,
129943873,353,Union Market/6th St & Neal Pl NE,31517,38.908008,-76.996985,YES,NO,,,NO,1,22,400261.503392,137794.258633,
129943874,354,Lee Hwy & N Monroe St,31092,38.896456,-77.104562,YES,NO,,,NO,6,9,390929.439385,136517.083917,
129943875,355,21st St N & N Pierce St,31093,38.898984,-77.078317,YES,NO,,,NO,9,6,393206.384822,136795.431493,
129943876,356,Lee Hwy & N Kirkwood Rd,31094,38.895377,-77.09713,YES,NO,,,NO,7,8,391574.023981,136396.594212,
129943877,357,19th & G St NW,31279,38.898412,-77.043182,YES,NO,,,NO,0,23,396254.143188,136729.906726,
129943878,359,Wilson Blvd & N Illinois St,31902,38.876528,-77.12712,YES,NO,,,NO,7,8,388969.495197,134307.406773,
129943879,364,Army Navy Dr & S Nash St,31095,38.862467,-77.068242,YES,NO,,,NO,4,7,394077.311138,132741.065056,
129943880,367,11th & S St NW,31280,38.913761,-77.027025,YES,NO,,,NO,15,8,397656.199315,138433.231616,
129943881,368,S Walter Reed Dr & 8th St S,31096,38.86612,-77.08787,YES,NO,,,NO,10,5,392374.197681,133148.031213,
129943882,369,2nd & G St NE,31639,38.89967,-77.003666,YES,NO,,,NO,15,8,399681.995521,136868.675224,
129943883,370,8th & O St NW,31281,38.90864,-77.02277,YES,NO,,,NO,19,0,398025.081451,137864.657787,
129943884,371,Georgia & Missouri Ave NW,31411,38.961339,-77.027855,YES,NO,,,NO,4,15,397585.827375,143714.829197,
129943885,373,Oklahoma Ave & D St NE,31712,38.894474,-76.974828,YES,NO,,,NO,12,7,402183.685683,136292.172556,
129943886,374,Maryland Ave & E St NE,31640,38.896134,-76.9929,YES,NO,,,NO,19,0,400615.914817,136476.168593,
129943887,375,New York Ave & Hecht Ave NE,31518,38.915604,-76.983683,YES,NO,,,NO,6,17,401415.090023,138637.599473,
129943888,376,Yuma St & Tenley Circle NW,31316,38.946182,-77.08059,YES,NO,,,NO,3,16,393013.838635,142034.979144,
129943889,377,Connecticut Ave & Chevy Chase Lake Dr,32051,38.994113,-77.076986,YES,NO,,,NO,5,10,393330.748181,147355.503817,
129943890,378,Key West Ave & Siesta Key Way,32052,39.105295,-77.194774,YES,NO,,,NO,5,10,383153.18793,159713.13218,
129943891,379,Lee Hwy & N Woodstock St,31900,38.898301,-77.118009,YES,NO,,,NO,9,10,389763.202312,136723.315468,
129943892,380,Saint Asaph & Madison St,31097,38.812718,-77.044097,YES,NO,,,NO,8,6,396170.175699,127217.296817,
129943893,381,King St Metro North / Cameron St,31098,38.80704,-77.059817,YES,NO,,,NO,7,8,394804.480921,126587.779883,
129943894,382,Madison & N Henry St,31099,38.813485,-77.049468,YES,NO,,,NO,14,1,395703.750548,127302.677777,
129943895,383,Medical Center Metro,32053,38.999378,-77.097882,YES,NO,,,NO,8,11,391521.167315,147941.705422,
129943896,384,Washington Blvd & N Frederick St,31901,38.884829,-77.127671,YES,NO,,,NO,7,4,388922.972369,135228.946999,
129943897,385,Wisconsin Ave & Ingomar St NW,31317,38.958267,-77.084636,YES,NO,,,NO,9,10,392664.3441,143376.840955,
129943898,386,16th & Irving St NW,31122,38.928893,-77.03625,YES,NO,,,NO,10,9,396856.808607,140113.288592,
129943899,387,16th & R St NW,31282,38.912652,-77.036278,YES,NO,,,NO,16,3,396853.664296,138310.40168,
129943900,388,Lyttonsville Rd & Lyttonsville Pl,32054,38.999679,-77.051168,YES,NO,,,NO,4,11,395567.692344,147971.816037,
129943901,389,Woodmont Ave & Strathmore St,32055,38.979875,-77.093522,YES,NO,,,NO,5,5,391896.625472,145776.283872,
129943902,390,14th & L St NW,31283,38.903658,-77.031737,YES,NO,,,NO,0,18,397247.151193,137311.847461,
129943903,391,1st & O St NW,31519,38.908643,-77.012365,YES,NO,,,NO,8,6,398927.542072,137864.817143,
129943904,392,South Capitol & Atlantic St SW,31811,38.831516,-77.008133,YES,NO,,,NO,10,9,399293.834858,129303.104787,
129943905,393,18th & C St NW,31284,38.893511,-77.041544,YES,NO,,,NO,0,18,396395.985197,136185.790951,
129943906,394,22nd & P ST NW,31285,38.909394,-77.048728,YES,NO,,,NO,18,1,395773.701792,137949.239624,
129943907,395,East West Hwy & 16th St,32056,38.995681,-77.038721,YES,NO,,,NO,3,16,396645.696119,147527.466787,
129943908,396,Royal & Wilkes St,31903,38.799267,-77.0447,YES,NO,,,NO,9,6,396117.074027,125724.17677,
129943909,397,14th & Girard St NW,31123,38.925284,-77.032375,YES,NO,,,NO,7,16,397192.662832,139712.532408,
129943910,398,Potomac Ave & Main Line Blvd,31910,38.822738,-77.049265,YES,NO,,,NO,13,5,395721.935217,128329.811251,
129943911,399,11th & O St NW,31286,38.90843,-77.02714,YES,NO,,,NO,12,6,397646.049758,137841.449681,
129943912,400,10th St & L'Enfant Plaza SW,31287,38.884377,-77.025791,YES,NO,,,NO,0,22,397762.299044,135171.341754,
129943913,401,Connecticut Ave & Yuma St NW,31318,38.947156,-77.065115,YES,NO,,,NO,11,8,394355.407588,142142.03129,
129943914,402,2nd St & Massachusetts Ave NE,31641,38.894972,-77.003135,YES,NO,,,NO,7,15,399728.038816,136347.158099,
129943915,403,Radford & Osage St,31908,38.828437,-77.086031,YES,NO,,,NO,12,11,392529.853175,128964.803643,
129943916,404,East Falls Church Metro/Sycamore St & 19th St N,31904,38.884859,-77.155988,YES,NO,,,NO,9,10,386466.132623,135236.094283,
129943917,405,Kennebec St & 11th St N,31905,38.880992,-77.135271,YES,NO,,,NO,9,6,388262.948325,134803.960633,
129943918,406,Commonwealth Ave & Oak St,31906,38.812711,-77.061715,YES,NO,,,NO,15,4,394640.052134,127217.406551,
129943919,407,Commonwealth & E Monroe Ave,31913,38.820058,-77.062821,YES,NO,,,NO,10,5,394544.557285,128033.036426,
129943920,408,4th St & Madison Dr NW,31288,38.890493,-77.017253,YES,NO,,,NO,1,17,398503.208655,135850.090611,
129943921,409,Henry Bacon Dr & Lincoln Memorial Circle NW,31289,38.890544,-77.049379,YES,NO,,,NO,1,14,395716.107123,135856.769172,
129943922,410,17th St & Independence Ave SW,31290,38.888097,-77.038325,YES,NO,,,NO,7,12,396674.986759,135584.672426,
129943923,411,Franklin & S Washington St,31907,38.798133,-77.0487,YES,NO,,,NO,15,4,395769.541493,125598.473536,
129943924,412,Mount Vernon Ave & Four Mile Run Park,31909,38.843422,-77.064016,YES,NO,,,NO,8,7,394442.600959,130626.669318,
129943925,413,New Jersey Ave & L St NW,31642,38.903598,-77.01397,YES,NO,,,NO,4,19,398788.249336,137304.801171,
129943926,414,Mount Vernon Ave & Bruce St,31912,38.841291,-77.063093,YES,NO,,,NO,10,4,394522.565535,130390.05783,
129943927,415,Lee Center,31914,38.797557,-77.053766,YES,NO,,,NO,8,7,395329.431957,125534.780976,
129943928,416,Powhatan St & Bashford Ln,31915,38.818748,-77.047783,YES,NO,,,NO,13,2,395850.397007,127886.826785,
129943929,417,Potomac & Swann Ave,31916,38.829545,-77.047844,YES,NO,,,NO,16,3,395845.727755,129085.367713,
129943930,418,14th & Irving St NW,31124,38.928552,-77.032224,YES,NO,,,NO,3,27,397205.884569,140075.303738,
129943931,419,16th & K St NW,31291,38.90268,-77.035737,YES,NO,,,NO,2,18,396900.15105,137203.409791,
129943932,420,Wisconsin Ave & Brandywine St NW,31319,38.949813,-77.080217,YES,NO,,,NO,3,22,393046.527326,142438.024222,
129943933,421,24th & R St NE / National Arboretum,31520,38.91263,-76.971923,YES,NO,,,NO,11,8,402435.076237,138307.708792,
129943934,422,Division Ave & Foote St NE,31713,38.897407,-76.925907,YES,NO,,,NO,8,7,406427.346087,136620.066096,
129943935,423,16th & Q St SE / Anacostia HS,31812,38.870695,-76.982359,YES,NO,,,NO,10,12,401530.877148,133652.367887,
129943936,424,Spring Hill Metro,32200,38.929261,-77.240654,YES,NO,,,NO,8,7,379133.329064,140181.01998,
129943937,425,Westpark Dr & Leesburg Pike,32201,38.92403,-77.235955,YES,NO,,,NO,5,6,379539.26899,139599.272546,
129943938,426,Solutions & Greensboro Dr,32202,38.923116,-77.232108,YES,NO,,,NO,5,6,379872.601154,139496.955901,
129943939,429,Westpark & Jones Branch Dr,32205,38.924437,-77.217664,YES,NO,,,NO,8,3,381125.469369,139640.512169,
129943940,430,Jones Branch & Westbranch Dr,32206,38.931911,-77.219261,YES,NO,,,NO,7,6,380988.980027,140470.519376,
129943941,431,Westpark & Park Run Dr,32207,38.928919,-77.225394,YES,NO,,,NO,4,7,380456.399412,140139.677621,
129943942,432,Tysons West Transit Center,32208,38.932636,-77.231825,YES,NO,,,NO,5,6,379899.825354,140553.691849,
129943943,434,Town Center Pkwy & Bowman Towne Dr,32210,38.962524,-77.361902,YES,NO,,,NO,7,8,368634.819597,143908.178687,
129943944,435,Reston Regional Library,32211,38.962095,-77.358815,YES,NO,,,NO,7,8,368902.173933,143859.499939,
129943945,436,New Dominion Pkwy & Fountain Dr,32212,38.960574,-77.356324,YES,NO,,,NO,9,6,369117.404104,143689.810457,
129943946,437,Sunset Hills & Old Reston Ave,32213,38.955079,-77.351649,YES,NO,,,NO,9,6,369520.234533,143078.248144,
129943947,438,Reston Town Center Transit Station,32214,38.957037,-77.359718,YES,NO,,,NO,9,8,368821.700515,143298.327458,
129943948,439,1st & D St SE,31643,38.884916,-77.005965,YES,NO,,,NO,0,17,399482.463435,135230.875721,
129943949,440,Reston Station,32215,38.948363,-77.338119,YES,NO,,,NO,21,14,370690.2031,142328.285669,
129943950,441,Library St & Freedom Dr,32216,38.959633,-77.358741,YES,NO,,,NO,10,9,368907.513324,143586.171975,
129943951,443,22nd St & Constitution Ave NW,31292,38.892441,-77.048947,YES,NO,,,NO,9,12,395753.698344,136067.330845,
129943952,444,61st St & Banks Pl NE,31714,38.891805,-76.913563,YES,NO,,,NO,10,9,407498.739678,135999.141568,
129943953,445,Temporary Rd & Old Reston Ave,32218,38.960084,-77.353414,YES,NO,,,NO,7,8,369369.401914,143634.435896,
129943954,446,Reston YMCA,32219,38.955314,-77.368416,YES,NO,,,NO,8,7,368067.039744,143110.066782,
129943955,450,Greensboro & International Dr,32221,38.923083,-77.227417,YES,NO,,,NO,5,6,380279.374348,139492.268806,
